Elevation,Frequency,Order
200,0.695652174,Lepidoptera
200,0.47826087,Coleoptera
200,0.608695652,Hemiptera
200,0.608695652,Hymenoptera
200,0.043478261,Araneae
200,0,Psocoptera
200,0.086956522,Orthoptera
200,0.130434783,Diptera
200,0.608695652,Blattodea
200,0,Entomobryomorpha
