,[3]Araneae,[3]Blattodea,[3]Coleoptera,[3]Dermaptera,[3]Diptera,[3]Entomobryomorpha,[3]Ephemeroptera,[3]Haplotaxida,[3]Hemiptera,[3]Hymenoptera,[3]Lepidoptera,[3]Megaloptera,[3]Monostilifera,[3]Neuroptera,[3]Odonata,[3]Orthoptera,[3]Phasmatodea,[3]Plecoptera,[3]Psocoptera,[3]Scolopendromorpha,[3]Squamata,[3]Symphypleona,[3]Thysanoptera,[3]Vetigastropoda
Oecophylla,0.043478261,0.608695652,0.47826087,0,0.130434783,0,0,0,0.608695652,0.608695652,0.695652174,0,0,0,0,0.086956522,0.043478261,0,0,0,0,0,0,0
Chapramari,0.444444444,0.444444444,0.888888889,0.111111111,0.277777778,0.111111111,0,0.111111111,0.5,0.5,0.944444444,0,0,0,0,0.388888889,0.055555556,0.222222222,0.055555556,0.333333333,0.055555556,0,0.055555556,0.055555556
Bhote,0.5625,0.1875,0.8125,0.0625,0.5,0.1875,0.0625,0.125,0.8125,0.375,0.875,0,0.0625,0.4375,0,0.375,0.125,0.3125,0.6875,0.0625,0.25,0,0.0625,0
Sachen,0,0.2,0.866666667,0.266666667,0.6,0.133333333,0,0.333333333,0.933333333,0.333333333,0.666666667,0.066666667,0,0,0.066666667,0.533333333,0,0.133333333,0.4,0.2,0,0.066666667,0,0
